Dataset,Pass@k,Estimate,NumProblems,MinCompletions,MaxCompletions
eval_499094,1,0.14130434782608695,161,20,20
eval_998188,1,0.13291925465838508,161,20,20
eval_1497281,1,0.12826086956521737,161,20,20
