Dataset,Pass@k,Estimate,NumProblems,MinCompletions,MaxCompletions
eval_3721,1,0.10993788819875779,161,20,20
eval_7442,1,0.12142857142857143,161,20,20
eval_11163,1,0.11273291925465838,161,20,20
eval_14884,1,0.11552795031055901,161,20,20
eval_18605,1,0.11894409937888198,161,20,20
eval_final,1,0.127639751552795,161,20,20