Dataset,Pass@k,Estimate,NumProblems,MinCompletions,MaxCompletions
eval_checkpoint_3799,1,0.11987577639751554,161,20,20
eval_checkpoint_7598,1,0.11211180124223603,161,20,20
eval_checkpoint_11397,1,0.09689440993788821,161,20,20
eval_checkpoint_15196,1,0.10993788819875776,161,20,20
eval_checkpoint_18995,1,0.11583850931677017,161,20,20
eval_checkpoint_final,1,0.1062111801242236,161,20,20