StepNum,Pass@k,Estimate,NumProblems,MinCompletions,MaxCompletions
1770,1,0.08726708074534162,161,20,20
3540,1,0.09720496894409937,161,20,20
5310,1,0.09099378881987578,161,20,20
7080,1,0.10248447204968944,161,20,20
8850,1,0.09968944099378882,161,20,20
10620,1,0.10807453416149067,161,20,20
12390,1,0.10621118012422359,161,20,20
14160,1,0.10931677018633541,161,20,20
