StepNum,Pass@k,Estimate,NumProblems,MinCompletions,MaxCompletions
2067,1,0.08602484472049689,161,20,20
4134,1,0.09782608695652174,161,20,20
6201,1,0.08850931677018634,161,20,20
8268,1,0.10093167701863354,161,20,20
10335,1,0.09689440993788821,161,20,20
12402,1,0.10217391304347825,161,20,20
14469,1,0.10403726708074534,161,20,20
