StepNum,Pass@k,Estimate,NumProblems,MinCompletions,MaxCompletions
2362,1,0.09875776397515527,161,20,20
4724,1,0.10496894409937887,161,20,20
7086,1,0.11180124223602485,161,20,20
9448,1,0.10838509316770185,161,20,20
11810,1,0.10341614906832297,161,20,20
14172,1,0.11180124223602485,161,20,20
