Dataset,Pass@k,Estimate,NumProblems,MinCompletions,MaxCompletions
eval_1754,1,0.07564102564102565,156,20,20
eval_3508,1,0.08557692307692308,156,20,20
eval_5262,1,0.08814102564102565,156,20,20
eval_7016,1,0.09775641025641026,156,20,20
eval_8770,1,0.08846153846153847,156,20,20
eval_10524,1,0.0951923076923077,156,20,20
eval_12277,1,0.10833333333333332,156,20,20
