Dataset,Pass@k,Estimate,NumProblems,MinCompletions,MaxCompletions
eval_1618,1,0.06698717948717949,156,20,20
eval_3236,1,0.07596153846153844,156,20,20
eval_4854,1,0.08333333333333333,156,20,20
eval_6472,1,0.08333333333333333,156,20,20
eval_8090,1,0.08269230769230769,156,20,20
eval_9707,1,0.06923076923076923,156,20,20
