Dataset,Pass@k,Estimate,NumProblems,MinCompletions,MaxCompletions
eval_14468,1,0.11242236024844722,161,20,20
eval_8268,1,0.09316770186335403,161,20,20
eval_4134,1,0.09068322981366461,161,20,20
eval_12402,1,0.10496894409937887,161,20,20
eval_2067,1,0.08850931677018634,161,20,20
eval_6201,1,0.09472049689440994,161,20,20
eval_10335,1,0.09472049689440994,161,20,20
