Dataset,Pass@k,Estimate,NumProblems,MinCompletions,MaxCompletions
eval_4115,1,0.11273291925465838,161,20,20
eval_2940,1,0.09751552795031056,161,20,20
eval_1176,1,0.07795031055900621,161,20,20
eval_2352,1,0.08322981366459628,161,20,20
eval_588,1,0.06677018633540371,161,20,20
eval_3528,1,0.0984472049689441,161,20,20
eval_1764,1,0.08416149068322981,161,20,20
