Dataset,Pass@k,Estimate,NumProblems,MinCompletions,MaxCompletions
eval_3540,1,0.09254658385093167,161,20,20
eval_5310,1,0.09254658385093167,161,20,20
eval_12389,1,0.11490683229813664,161,20,20
eval_1770,1,0.08788819875776398,161,20,20
eval_8850,1,0.10745341614906832,161,20,20
eval_7080,1,0.10496894409937889,161,20,20
eval_10620,1,0.11086956521739129,161,20,20
