Dataset,Pass@k,Estimate,NumProblems,MinCompletions,MaxCompletions
eval_8294,1,0.10465838509316772,161,20,20
eval_1185,1,0.07981366459627329,161,20,20
eval_7110,1,0.10124223602484472,161,20,20
eval_3555,1,0.08167701863354036,161,20,20
eval_4740,1,0.0984472049689441,161,20,20
eval_2370,1,0.07577639751552795,161,20,20
eval_5925,1,0.10186335403726707,161,20,20
