Dataset,Pass@k,Estimate,NumProblems,MinCompletions,MaxCompletions
eval_590,1,0.07049689440993788,161,20,20
eval_2064,1,0.08881987577639752,161,20,20
eval_885,1,0.07795031055900621,161,20,20
eval_1180,1,0.09192546583850932,161,20,20
eval_1770,1,0.0894409937888199,161,20,20
eval_1475,1,0.09565217391304347,161,20,20
eval_295,1,0.06832298136645963,161,20,20
