Dataset,Pass@k,Estimate,NumProblems,MinCompletions,MaxCompletions
eval_1780,1,0.07298136645962733,161,20,20
eval_890,1,0.0829192546583851,161,20,20
eval_6229,1,0.11149068322981366,161,20,20
eval_2670,1,0.08260869565217392,161,20,20
eval_4450,1,0.10124223602484472,161,20,20
eval_5340,1,0.09968944099378882,161,20,20
eval_3560,1,0.09565217391304348,161,20,20
