Dataset,Pass@k,Estimate,NumProblems,MinCompletions,MaxCompletions
eval_9448,1,0.10869565217391304,161,20,20
eval_2362,1,0.09906832298136646,161,20,20
eval_16533,1,0.12018633540372671,161,20,20
eval_11810,1,0.10869565217391304,161,20,20
eval_4724,1,0.10031055900621118,161,20,20
eval_7086,1,0.10807453416149067,161,20,20
eval_14172,1,0.11552795031055901,161,20,20
