Dataset,Pass@k,Estimate,NumProblems,MinCompletions,MaxCompletions
eval_11346,1,0.17267080745341615,161,20,20
eval_15128,1,0.1717391304347826,161,20,20
eval_18910,1,0.1658385093167702,161,20,20
eval_22692,1,0.16490683229813666,161,20,20
eval_3782,1,0.15745341614906833,161,20,20
eval_7564,1,0.16459627329192547,161,20,20
