Dataset,Pass@k,Estimate,NumProblems,MinCompletions,MaxCompletions
eval_1471,1,0.08260869565217391,161,20,20
eval_2942,1,0.10683229813664596,161,20,20
eval_8825,1,0.11677018633540373,161,20,20
eval_7355,1,0.11118012422360248,161,20,20
eval_5884,1,0.09813664596273293,161,20,20
eval_4413,1,0.09782608695652173,161,20,20
