Dataset,Pass@k,Estimate,NumProblems,MinCompletions,MaxCompletions
eval_1469,1,0.08229813664596274,161,20,20
eval_2938,1,0.0891304347826087,161,20,20
eval_4407,1,0.09037267080745343,161,20,20
eval_5876,1,0.11459627329192545,161,20,20
eval_7345,1,0.11118012422360248,161,20,20
eval_8814,1,0.11894409937888198,161,20,20
eval_10282,1,0.11366459627329192,161,20,20