Dataset,Pass@k,Estimate,NumProblems,MinCompletions,MaxCompletions
eval_3051,1,0.07596153846153846,156,20,20
eval_6102,1,0.09903846153846153,156,20,20
eval_9153,1,0.10576923076923077,156,20,20
eval_12204,1,0.10641025641025642,156,20,20
eval_15255,1,0.10737179487179487,156,20,20
eval_18306,1,0.1028846153846154,156,20,20
eval_21356,1,0.0967948717948718,156,20,20
