Dataset,Pass@k,Estimate,NumProblems,MinCompletions,MaxCompletions
eval_1927,1,0.06955128205128205,156,20,20
eval_7708,1,0.08653846153846154,156,20,20
eval_9635,1,0.08974358974358973,156,20,20
eval_11561,1,0.09711538461538463,156,20,20
eval_3854,1,0.08076923076923076,156,20,20
eval_5781,1,0.08493589743589744,156,20,20
