Dataset,Pass@k,Estimate,NumProblems,MinCompletions,MaxCompletions
eval_9224,1,0.15962732919254657,161,20,20
eval_18448,1,0.16118012422360245,161,20,20
eval_27672,1,0.1565217391304348,161,20,20
eval_36895,1,0.16273291925465838,161,20,20