Dataset,Pass@k,Estimate,NumProblems,MinCompletions,MaxCompletions
eval_2420,1,0.023913043478260867,161,20,20
eval_4840,1,0.034472049689440995,161,20,20
eval_7260,1,0.0422360248447205,161,20,20
eval_9680,1,0.031366459627329195,161,20,20
eval_12100,1,0.03819875776397516,161,20,20
eval_final,1,0.04316770186335404,161,20,20