Dataset,Pass@k,Estimate,NumProblems,MinCompletions,MaxCompletions
eval_2999,1,0.02788461538461539,156,20,20
eval_5998,1,0.03974358974358975,156,20,20
eval_8997,1,0.04423076923076923,156,20,20
eval_11996,1,0.0467948717948718,156,20,20
eval_14995,1,0.03942307692307693,156,20,20
eval_17994,1,0.03429487179487179,156,20,20
eval_final,1,0.040705128205128206,156,20,20