Dataset,Pass@k,Estimate,NumProblems,MinCompletions,MaxCompletions
eval_31974,1,0.05341614906832298,161,20,20
eval_63948,1,0.052795031055900624,161,20,20
eval_95921,1,0.061490683229813665,161,20,20
