Dataset,Pass@k,Estimate,NumProblems,MinCompletions,MaxCompletions
eval_7176,1,0.09906832298136646,161,20,20
eval_4784,1,0.09130434782608696,161,20,20
eval_14351,1,0.11335403726708075,161,20,20
eval_11960,1,0.11180124223602485,161,20,20
eval_9568,1,0.11180124223602485,161,20,20
eval_2392,1,0.07577639751552796,161,20,20