Dataset,Pass@k,Estimate,NumProblems,MinCompletions,MaxCompletions
eval_8411,1,0.143167701863354,161,20,20
eval_16822,1,0.15186335403726708,161,20,20
eval_25233,1,0.15527950310559005,161,20,20
eval_33643,1,0.16335403726708073,161,20,20