Dataset,Pass@k,Estimate,NumProblems,MinCompletions,MaxCompletions
eval_2765,1,0.12012578616352203,159,20,20
eval_5530,1,0.1286163522012579,159,20,20
eval_8295,1,0.15345911949685534,159,20,20
eval_11060,1,0.15566037735849053,159,20,20
eval_13825,1,0.14528301886792452,159,20,20
eval_16590,1,0.1547169811320755,159,20,20
