Dataset,Pass@k,Estimate,NumProblems,MinCompletions,MaxCompletions
eval_163180,1,0.033012820512820513,156,20,20
eval_326360,1,0.029166666666666667,156,20,20
eval_489539,1,0.03205128205128205,156,20,20
